Afghanistan,AFG
Albania,ALB
Algeria,DZA
Angola,AGO
Argentina,ARG
Armenia,ARM
Australia,AUS
Austria,AUT
Azerbaijan,AZE
Bahrain,BHR
Bangladesh,BGD
Belarus,BLR
Belgium,BEL
Belize,BLZ
Benin,BEN
Bhutan,BTN
Bolivia,BOL
Bosnia and Herzegovina,BIH
Botswana,BWA
Brazil,BRA
Bulgaria,BGR
Burkina Faso,BFA
Burundi,BDI
Cambodia,KHM
Cameroon,CMR
Canada,CAN
Central African Republic,CAF
Chad,TCD
Chile,CHL
China,CHN
Colombia,COL
Comoros,COM
Congo (Brazzaville),COG
Congo (Kinshasa),COD
Costa Rica,CRI
Croatia,HRV
Cuba,CUB
Cyprus,CYP
Czech Republic,CZE
Denmark,DNK
Djibouti,DJI
Dominican Republic,DOM
Ecuador,ECU
Egypt,EGY
El Salvador,SLV
Estonia,EST
Ethiopia,ETH
Finland,FIN
France,FRA
Gabon,GAB
Gambia,GAB
Georgia,GEO
Germany,DEU
Ghana,GHA
Greece,GRC
Guatemala,GTM
Guinea,GGY
Guyana,GUY
Haiti,HTI
Honduras,HND
Hong Kong S.A.R. of China,HKG
Hungary,HUN
Iceland,ISL
India,IND
Indonesia,IDN
Iran,IRN
Iraq,IRQ
Ireland,IRL
Israel,ISR
Italy,ITA
Ivory Coast,CIV
Jamaica,JAM
Japan,JPN
Jordan,JOR
Kazakhstan,KAZ
Kenya,KEN
Kosovo,KSV
Kuwait,KWT
Kyrgyzstan,KGZ
Laos,LAO
Latvia,LVA
Lebanon,LBN
Lesotho,LSO
Liberia,LBR
Libya,LBY
Lithuania,LTU
Luxembourg,LUX
Macedonia,MKD
Madagascar,MDG
Malawi,MWI
Malaysia,MYS
Mali,MLI
Malta,MLT
Mauritania,MRT
Mauritius,MUS
Mexico,MEX
Moldova,MDA
Mongolia,MNG
Montenegro,MNE
Morocco,MAR
Mozambique,MOZ
Myanmar,MMR
Namibia,NAM
Nepal,NPL
Netherlands,NLD
New Zealand,NZL
Nicaragua,NIC
Niger,NER
Nigeria,NGA
North Cyprus,CYP
Norway,NOR
Oman,OMN
Pakistan,PAK
Palestinian Territories,PSE
Panama,PAN
Paraguay,PRY
Peru,PER
Philippines,PHL
Poland,POL
Portugal,PRT
Qatar,QAT
Romania,ROU
Russia,RUS
Rwanda,RWA
Saudi Arabia,SAU
Senegal,SEN
Serbia,SRB
Sierra Leone,SLE
Singapore,SGP
Slovakia,SVK
Slovenia,SVN
Somalia,SOM
Somaliland region,SOM
South Africa,ZAF
South Korea,KOR
South Sudan,SSD
Spain,ESP
Sri Lanka,LKA
Sudan,SDN
Suriname,SUR
Swaziland,SWZ
Sweden,SWE
Switzerland,CHE
Syria,SYR
Taiwan Province of China,TWN
Tajikistan,TJK
Tanzania,TZA
Thailand,THA
Togo,TGO
Trinidad and Tobago,TTO
Tunisia,TUN
Turkey,TUR
Turkmenistan,TKM
Uganda,UGA
Ukraine,UKR
United Arab Emirates,ARE
United Kingdom,GBR
United States,USA
Uruguay,URY
Uzbekistan,UZB
Venezuela,VEN
Vietnam,VNM
Yemen,YEM
Zambia,ZMB
Zimbabwe,ZWE